"","Indicator","Market","Destination","Units","X2019.01","X2019.02","X2019.03","X2019.04","X2019.05","X2019.06","X2019.07","X2019.08","X2019.09","X2019.10","X2019.11","X2019.12","X2020.01","X2020.02","X2020.03","X2020.04","X2020.05","X2020.06","X2020.07","X2020.08","X2020.09","X2020.10","X2020.11","X2020.12","X2021.01","X2021.02","X2021.03","X2021.04","X2021.05","X2021.06","X2021.07","X2021.08"
"1","Visitor arrivals","Total","Statewide","persons",817600,780827,928849,849398,847396,947112,995210,926417,736155,796191,809076,952441,857066,823910,433167,4985,10013,17733,22574,23356,18409,76691,183779,236575,171976,235283,439785,484071,629681,791053,879551,722393
"2","Visitor arrivals","Air total","Statewide","persons",805567,764513,917026,824610,836058,946373,995210,926417,718042,775675,792547,941128,846137,808824,428997,4985,10013,17733,22574,23356,18409,76691,183779,236575,171976,235283,439785,484071,629681,791053,879551,722393
"3","Visitor arrivals","Air total, domestic","Statewide","persons",524706,510145,647170,578159,622725,715089,740482,662488,484588,548178,545667,674410,575464,574272,333722,4567,9806,17095,21568,22347,17541,75659,182866,230782,167885,233623,437949,481794,626948,787405,874289,713523
"4","Visitor arrivals","Air total, int'l","Statewide","persons",280861,254368,269856,246451,213333,231284,254728,263929,233454,227497,246880,266718,270673,234552,95275,418,207,638,1006,1009,868,1032,913,5793,4091,1660,1836,2277,2733,3648,5262,8870
"5","Visitor arrivals","US Total","Statewide","persons",502908,489011,624697,547688,587188,693181,706174,620409,438993,502082,525630,633878,553930,546820,324549,4453,9334,16198,20261,20859,16311,73052,177654,223906,162808,228760,429279,471336,612457,769178,851450,692305
"6","Visitor arrivals","US West","Statewide","persons",317655,312235,399049,388573,387844,452958,462676,420750,305808,354007,375244,418520,354115,352707,204978,3143,6430,10465,12798,13190,10170,53452,137452,152276,112020,164861,296117,352147,418956,521796,578629,469181
"7","Visitor arrivals","US East","Statewide","persons",185253,176777,225648,159115,199344,240223,243498,199659,133185,148075,150386,215358,199815,194113,119571,1310,2904,5733,7462,7668,6141,19600,40202,71630,50788,63899,133162,119189,193501,247382,272821,223124
"8","Visitor arrivals","Japan","Statewide","persons",120418,120653,133858,119487,113226,126592,134587,160728,143928,134557,131536,136635,117995,124122,44133,20,16,42,53,334,86,161,451,1724,1165,695,1051,1367,1312,1859,2817,3005
"9","Visitor arrivals","Canada","Statewide","persons",69687,66590,76913,56749,26424,19172,26939,28672,21928,32250,50598,64182,66442,65352,26885,9,22,59,93,102,173,389,802,4063,2898,493,326,527,564,627,1999,6154
"10","Visitor arrivals","Europe","Statewide","persons",8022,8282,8139,11260,10332,8940,16059,18525,14107,14892,9097,10252,7629,8574,4067,43,31,50,83,97,68,154,331,424,334,317,539,706,942,1003,1203,1536
"11","Visitor arrivals","United Kingdom","Statewide","persons",2671,2397,2685,3886,3399,2760,4506,4957,4534,4062,2515,2849,2688,2407,1417,17,19,21,41,31,30,57,143,177,142,168,307,368,511,553,638,646
"12","Visitor arrivals","France","Statewide","persons",1421,1394,1062,1753,1593,1524,3214,3610,1657,2815,1629,2251,1350,1539,555,11,2,6,9,16,6,20,62,54,25,39,51,61,92,84,56,142
"13","Visitor arrivals","Germany","Statewide","persons",2575,3224,3137,3737,3745,2928,4649,4819,5263,5641,3423,3158,2409,3224,1517,5,6,7,15,34,16,35,67,90,78,49,82,103,123,147,192,407
"14","Visitor arrivals","Italy","Statewide","persons",508,482,400,589,508,734,1173,3856,1114,868,544,747,426,466,138,2,2,3,8,4,1,15,23,22,23,26,17,33,55,27,62,112
"15","Visitor arrivals","Switzerland","Statewide","persons",847,785,855,1296,1087,994,2517,1283,1540,1507,986,1247,756,938,439,7,2,12,10,12,14,26,35,83,67,36,83,141,161,192,255,229
"16","Visitor arrivals","Oceania","Statewide","persons",31308,17056,20234,30801,33773,32705,37431,31561,43661,33174,23064,28784,26830,15233,8131,9,25,40,52,40,45,59,117,130,122,55,143,149,221,278,352,407
"17","Visitor arrivals","Australia","Statewide","persons",26465,14366,16530,23445,26361,25543,27177,23995,35323,26858,18725,23206,21929,12887,6346,2,2,21,19,14,18,32,65,64,48,26,29,46,64,52,96,114
"18","Visitor arrivals","New Zealand","Statewide","persons",4844,2689,3704,7356,7412,7162,10254,7565,8338,6316,4338,5577,4901,2346,1784,6,23,19,33,27,28,26,52,65,74,30,114,103,157,226,256,293
"19","Visitor arrivals","Other Asia","Statewide","persons",41595,35899,22075,23476,30907,28722,30931,28853,25935,27739,26151,32397,41568,21355,3189,37,60,65,68,139,130,168,370,758,402,373,580,785,1487,1737,2073,2023
"20","Visitor arrivals","China","Statewide","persons",10944,11604,6740,6502,8231,9119,8562,7924,6179,5039,4258,6980,12445,2151,467,11,18,29,20,44,27,73,188,404,98,74,135,159,655,572,447,498
"21","Visitor arrivals","Hong Kong","Statewide","persons",347,309,250,337,384,391,579,325,260,266,254,415,500,244,114,5,4,3,18,13,24,30,36,77,51,30,84,105,193,218,274,205
"22","Visitor arrivals","Korea","Statewide","persons",27907,21871,13353,14896,16035,16535,19109,18527,17456,20261,20272,22833,25956,18063,2302,16,25,25,17,67,69,52,92,201,230,242,306,435,494,722,1108,1059
"23","Visitor arrivals","Singapore","Statewide","persons",537,435,326,455,458,498,379,293,294,396,376,736,412,222,109,0,5,3,6,7,6,9,16,43,12,16,28,28,55,107,109,106
"24","Visitor arrivals","Taiwan","Statewide","persons",1859,1680,1405,1286,5800,2180,2301,1784,1746,1776,990,1434,2255,675,197,5,7,4,8,8,5,5,38,33,12,11,26,58,90,117,135,155
"25","Visitor arrivals","Latin America","Statewide","persons",2525,1728,1565,2888,2599,1471,2831,1833,1981,2062,1272,2588,2342,1842,881,7,13,40,108,66,66,118,239,490,281,193,365,434,689,791,1199,985
"26","Visitor arrivals","Argentina","Statewide","persons",768,496,360,393,456,280,377,289,394,361,188,373,675,551,147,1,1,3,9,6,3,28,54,146,151,90,77,95,105,121,161,144
"27","Visitor arrivals","Brazil","Statewide","persons",1150,726,654,1148,1348,592,803,627,734,885,494,1155,985,784,310,2,3,6,3,4,0,31,53,85,18,29,42,36,115,91,141,140
"28","Visitor arrivals","Mexico","Statewide","persons",608,507,551,1347,795,600,1651,917,852,816,590,1060,682,507,424,5,9,31,96,57,63,59,131,260,111,74,246,304,468,579,897,701
"29","Visitor arrivals","Visitors by ship","Statewide","persons",12033,16315,11824,24787,11338,738,0,0,18114,20516,16529,11313,10930,15086,4169,0,0,0,0,0,0,0,0,0,0,0,0,0,0,0,0,0
"30","Visitor arrivals (SA)","Air total","Statewide","persons",827950,823464,844898,856889,857715,853720,849782,885997,836693,853254,850997,885743,871579,873551,413626,4944,10267,15879,19090,22476,21511,84423,196627,224090,177506,254576,417058,488184,645498,704350,738469,699493
"31","Visitor arrivals (SA)","US Total","Statewide","persons",547276,535633,573571,553627,577579,577066,573431,600214,554513,573575,576083,606092,607408,592824,299319,4467,9171,13463,16353,20212,20643,83577,194313,216193,179849,245632,397688,469871,601737,638818,683897,672791
"32","Visitor arrivals (SA)","US West","Statewide","persons",365181,365068,384247,373790,388695,385583,372699,408919,375782,388942,381930,404138,406745,411614,198739,3000,6458,8891,10128,12975,12523,58736,138861,148355,128706,192377,289426,333557,422037,442982,455621,462366
"33","Visitor arrivals (SA)","US East","Statewide","persons",178816,178285,192306,184023,177223,199450,189980,203630,180293,184822,195422,195484,193810,193917,103064,1521,2466,4849,5788,7883,8315,24546,52772,64946,49430,63263,116592,138439,160476,209912,212178,229001
"34","Visitor arrivals (SA)","Japan","Statewide","persons",132745,128443,124968,141390,128587,131458,131840,126433,129314,131079,134185,137106,131094,133820,40851,24,19,43,52,262,76,156,460,1731,1294,748,960,1627,1507,1945,2799,2351
"35","Visitor arrivals (SA)","Canada","Statewide","persons",45374,45583,44604,49077,44410,46960,41588,44294,43905,45733,45485,43592,43533,44532,15200,8,36,150,136,157,338,548,736,2797,1900,336,182,473,958,1624,2752,9403
"36","Visitor days","Total","Statewide","days",8129294,6908757,7766370,7008490,7091795,8337895,8878983,7840392,6185074,6668887,6712376,8832636,8321114,7194823,3928899,131623,283207,473130,567595,701388,614172,1222402,2286098,2935326,2503864,2541730,4260640,4541594,5905212,7678083,8227155,6549353
"37","Visitor days","Air total","Statewide","days",8076194,6843755,7716825,6885015,7035855,8334138,8878983,7840392,6089617,6577024,6635121,8779507,8272732,7121132,3907993,131623,283207,473130,567595,701388,614172,1222402,2286098,2935326,2503864,2541730,4260640,4541594,5905212,7678083,8227155,6549353
"38","Visitor days","Air total, domestic","Statewide","days",5608716,4778006,5639153,4960376,5494077,6666332,6877424,5765397,4353655,4931639,4832847,6627463,5955461,5294515,3117379,124681,280436,466756,544765,689658,605128,1208179,2267152,2841108,2394198,2507170,4226001,4502015,5853892,7612882,8133197,6420695
"39","Visitor days","Air total, int'l","Statewide","days",2467478,2065749,2077672,1924639,1541778,1667807,2001559,2074995,1735962,1645385,1802274,2152045,2317271,1826618,790614,6943,2771,6373,22830,11730,9044,14223,18946,94218,109666,34559,34639,39579,51320,65201,93959,128658
"40","Visitor days","US Total","Statewide","days",5233817,4489304,5303253,4625088,5102945,6379485,6414386,5302796,3866376,4411181,4542164,6116014,5593423,4934444,2942430,118210,263071,436838,498508,627608,550886,1146086,2159616,2727737,2298135,2442846,4131892,4388587,5697083,7416354,7888819,6166698
"41","Visitor days","US West","Statewide","days",3092709,2712365,3293738,3191328,3244463,4039914,4054572,3460125,2602158,3034447,3156032,3870840,3348168,3027825,1800721,76888,164614,267230,293668,390880,329968,816151,1617663,1788024,1471794,1686971,2804575,3215623,3774969,4873202,5176252,4007267
"42","Visitor days","US East","Statewide","days",2141107,1776939,2009515,1433760,1858483,2339571,2359815,1842671,1264218,1376734,1386132,2245174,2245255,1906619,1141709,41322,98457,169607,204840,236728,220917,329935,541953,939713,826341,755876,1327317,1172963,1922114,2543152,2712566,2159431
"43","Visitor days","Japan","Statewide","days",723353,683416,778887,701124,666703,732556,797943,1037198,850296,783053,741037,811203,704027,694451,274118,664,676,2244,2183,7958,1768,3384,9335,19035,23587,12051,17545,21184,21001,33103,50980,46828
"44","Visitor days","Canada","Statewide","days",990828,832744,886726,651790,284045,225768,317007,321101,254953,377719,596917,814896,928346,803609,357332,297,627,2993,3288,6538,11327,19011,43354,88847,87001,13665,8908,12292,10996,11521,31256,77518
"45","Visitor days","Europe","Statewide","days",118507,107803,101873,139502,126150,115763,215048,230464,185901,185869,114317,138993,96741,111845,54810,706,583,1064,2074,4957,3056,3809,8166,8677,8879,5245,7170,9617,11676,14488,17995,33427
"46","Visitor days","United Kingdom","Statewide","days",30947,24144,26116,43540,34524,31152,48976,50176,49513,40770,24652,32376,28423,24232,15156,434,352,314,971,1838,840,1354,2633,2306,2805,2300,3274,3486,5238,5805,7593,7052
"47","Visitor days","France","Statewide","days",23051,17786,11231,18898,12548,18051,39661,43625,20226,31074,17639,24205,12538,20281,4494,118,20,54,139,346,494,324,1005,821,585,704,600,818,1182,1259,952,2798
"48","Visitor days","Germany","Statewide","days",40775,45432,44836,49413,55392,41079,68758,67777,76617,82022,48892,51679,36152,45616,25334,80,119,281,538,2455,1001,828,2163,3042,2721,898,1649,1822,1881,2988,4794,16099
"49","Visitor days","Italy","Statewide","days",6189,8259,4220,6137,5170,8034,14023,47866,13094,9039,6874,8577,5585,5767,1755,4,31,74,214,54,23,533,856,459,974,672,172,471,606,301,931,1950
"50","Visitor days","Switzerland","Statewide","days",17546,12182,15471,21515,18516,17447,43631,21019,26450,22964,16259,22156,14043,15949,8071,68,60,341,212,264,698,770,1509,2049,1794,671,1475,3021,2770,4136,3724,5527
"51","Visitor days","Oceania","Statewide","days",291754,165445,191251,279454,314254,307324,360188,310929,407487,291235,218775,282498,245748,143264,74978,133,838,1164,1655,1528,2478,1501,3407,2839,3761,1413,1973,2344,2742,4119,5213,4966
"52","Visitor days","Australia","Statewide","days",246798,143081,160382,210976,245716,240579,260491,236559,329204,245267,181301,229387,201224,121167,59717,35,105,611,692,610,1290,1076,2706,1654,2283,1083,715,1009,1397,1344,1784,1567
"53","Visitor days","New Zealand","Statewide","days",44955,22364,30869,68477,68538,66744,99697,74370,78282,45967,37474,53112,44524,22097,15261,99,733,553,963,918,1188,425,701,1185,1478,330,1258,1335,1345,2775,3430,3399
"54","Visitor days","Other Asia","Statewide","days",361094,300665,167109,175222,227399,203279,255405,247931,205857,201025,189771,246836,359393,176180,28509,2336,1632,1711,3247,8196,7515,3872,5900,10595,11482,7487,9989,12944,25591,23828,31406,31027
"55","Visitor days","China","Statewide","days",98928,100941,51912,50281,57194,59113,71477,70837,49674,37052,31257,59285,110618,21074,4588,250,685,728,1046,1555,1472,1655,2781,4658,1370,1004,1724,1521,6756,5595,4424,6727
"56","Visitor days","Hong Kong","Statewide","days",3487,2405,2201,2791,3284,2908,5856,2781,2411,1949,2274,3601,5284,2269,1151,115,129,101,1027,580,499,438,590,1206,720,414,766,815,2060,2332,3200,2870
"57","Visitor days","Korea","Statewide","days",234680,177753,96646,107880,116070,117141,152588,156410,134396,144567,143812,163722,217435,144784,20528,1960,503,633,500,5538,5302,1458,1865,3699,9176,5722,6982,9890,11076,13315,20985,16967
"58","Visitor days","Singapore","Statewide","days",4503,3613,2210,2857,3044,3984,3590,2757,2898,2678,4495,7194,4164,1506,513,0,120,118,211,163,96,262,128,691,129,225,218,196,603,1316,1164,1171
"59","Visitor days","Taiwan","Statewide","days",19496,15953,14140,11413,47807,20133,21893,15146,16479,14779,7933,13034,21893,6547,1729,11,194,131,462,360,145,60,536,342,86,121,299,521,5096,1270,1632,3292
"60","Visitor days","Latin America","Statewide","days",30243,17952,16241,28563,26017,15999,28514,22263,19367,20917,14054,36729,26360,17545,9235,189,683,880,12274,2897,3340,2450,3834,8788,5737,3120,4424,5576,8156,9329,13493,11156
"61","Visitor days","Argentina","Statewide","days",9523,5273,4140,3963,4997,3002,3810,3062,4035,4063,2301,8399,7772,5160,1583,11,29,22,445,187,299,837,833,3748,3051,1246,1581,1754,1889,1617,2391,2125
"62","Visitor days","Brazil","Statewide","days",15114,8787,6934,11959,14437,7436,8918,8570,7968,10072,6234,17311,12247,8047,4175,73,125,209,224,82,0,483,1085,1348,280,466,321,508,1304,1470,1700,2222
"63","Visitor days","Mexico","Statewide","days",5606,3892,5167,12641,6582,5562,15787,10631,7363,6782,5519,11019,6341,4339,3477,105,529,649,11604,2627,3041,1130,1916,3691,2406,1408,2522,3314,4963,6241,9402,6809
"64","Visitor days","Visitors by ship","Statewide","days",53100,65002,49545,123475,55940,3756,0,0,95457,91863,77255,53129,48382,73691,20906,0,0,0,0,0,0,0,0,0,0,0,0,0,0,0,0,0
"65","Visitor days (SA)","Air total","Statewide","days",7342752,7227596,7439994,7339226,7518380,7374635,7444108,7864614,7434296,7412385,7341223,7779110,7564608,7537641,3794712,138816,302333,412284,469823,714894,755677,1369265,2512988,2633701,2304157,2690415,4171175,4746052,6294041,6640926,6767201,6716919
"66","Visitor days (SA)","US Total","Statewide","days",4933817,4956981,5182291,4991584,5190848,5168328,5139346,5337765,5039372,5142477,5183178,5318811,5290873,5469840,2909339,126231,267863,353310,395845,629566,720201,1336614,2463265,2362441,2179209,2728557,4141252,4645247,5809371,5992416,6219051,6179224
"67","Visitor days (SA)","US West","Statewide","days",3243091,3128005,3247940,3193934,3416847,3231248,3306231,3468758,3430224,3362131,3256677,3479018,3568698,3453147,1770502,75640,174979,210030,237310,393135,445752,905642,1647892,1616870,1599875,1904495,2778289,3123393,4005320,3839896,4148940,4033376
"68","Visitor days (SA)","US East","Statewide","days",1745652,1760492,1808901,1728956,1921249,1875635,1866517,1903992,1777879,1750067,1842872,1909327,1832550,1888671,1053139,47525,103587,137046,161764,243478,313928,417169,719597,797256,673534,750060,1211757,1357042,2029881,2062157,2141748,2213544
"69","Visitor days (SA)","Japan","Statewide","days",779062,744279,767868,786644,787840,729343,777655,759389,793223,791064,785979,819956,757238,763207,275140,726,815,2152,2157,5786,1646,3442,9894,19643,25270,13330,17745,22932,25527,31015,50430,33815
"70","Visitor days (SA)","Canada","Statewide","days",567524,549126,537664,579763,551892,563864,503373,546055,535528,571064,545922,510390,553459,535665,216482,272,1237,7683,4917,11160,22652,29765,40577,54141,53527,8975,5258,11328,21235,29957,44716,130329
"71","Expenditure","Total","Statewide","$ mil",1617,1388,1489,1318,1415,1631,1695,1503,1246,1325,1337,1752,1726,1464,736,NA,NA,NA,NA,NA,NA,NA,NA,NA,398,397,767,837,1145,1484,1583,1368
"72","Expenditure","Air total","Statewide","$ mil",1613,1383,1485,1308,1409,1630,1695,1503,1235,1317,1331,1748,1722,1458,735,NA,NA,NA,NA,NA,NA,NA,NA,NA,398,397,767,837,1145,1484,1583,1368
"73","Expenditure","US Total","Statewide","$ mil",1020,871,983,834,956,1182,1181,958,755,840,871,1186,1139,993,550,NA,NA,NA,NA,NA,NA,NA,339,355,364,381,742,807,1096,1430,1520,1292
"74","Expenditure","US West","Statewide","$ mil",557,500,578,547,564,691,670,579,466,539,564,698,631,573,321,NA,NA,NA,NA,NA,NA,NA,253,221,226,265,492,573,715,916,961,810
"75","Expenditure","US East","Statewide","$ mil",463,372,404,287,392,491,511,379,289,301,307,488,508,420,229,NA,NA,NA,NA,NA,NA,NA,86,134,138,116,250,234,381,513,559,482
"76","Expenditure","Japan","Statewide","$ mil",173,166,185,164,162,182,186,237,197,196,189,211,171,168,60,NA,NA,NA,NA,NA,NA,NA,NA,NA,5,2,4,5,5,7,11,9
"77","Expenditure","Canada","Statewide","$ mil",165,153,140,100,48,36,50,57,41,63,98,130,162,148,58,NA,NA,NA,NA,NA,NA,NA,NA,NA,15,2,1,2,2,2,6,15
"78","Expenditure","Europe","Statewide","$ mil",19,14,17,23,25,20,32,34,27,27,17,13,17,14,9,NA,NA,NA,NA,NA,NA,NA,NA,NA,1,1,1,2,2,3,3,6
"79","Expenditure","Oceania","Statewide","$ mil",77,41,52,77,79,82,97,82,102,76,60,70,68,38,18,NA,NA,NA,NA,NA,NA,NA,NA,NA,1,0,0,1,1,1,1,1
"80","Expenditure","Australia","Statewide","$ mil",67,36,45,57,62,66,73,64,84,66,51,57,56,33,14,NA,NA,NA,NA,NA,NA,NA,NA,NA,1,0,0,0,0,0,1,0
"81","Expenditure","New Zealand","Statewide","$ mil",11,5,7,20,17,16,23,18,18,10,9,13,12,6,4,NA,NA,NA,NA,NA,NA,NA,NA,NA,0,0,0,0,0,1,1,1
"82","Expenditure","Other Asia","Statewide","$ mil",99,89,55,52,72,60,68,66,57,61,62,76,101,49,8,NA,NA,NA,NA,NA,NA,NA,NA,NA,2,2,3,3,7,6,7,7
"83","Expenditure","China","Statewide","$ mil",30,36,18,16,20,20,21,21,17,13,12,19,33,7,1,NA,NA,NA,NA,NA,NA,NA,NA,NA,0,0,1,0,2,2,1,2
"84","Expenditure","Korea","Statewide","$ mil",60,46,30,31,37,34,39,38,37,44,46,55,60,40,6,NA,NA,NA,NA,NA,NA,NA,NA,NA,2,1,2,3,3,3,5,4
"85","Expenditure","Latin America","Statewide","$ mil",8,4,3,7,5,4,5,4,7,4,3,9,7,5,2,NA,NA,NA,NA,NA,NA,NA,NA,NA,1,1,1,1,2,2,2,2
"86","Expenditure","Visitors by ship","Statewide","$ mil",4,5,4,10,6,0,0,0,11,8,6,4,4,6,1,0,0,0,0,0,0,0,0,0,0,0,0,0,0,0,0,0
"87","Expenditure (SA)","Air total","Statewide","$ mil",1430,1440,1430,1470,1515,1491,1471,1486,1429,1454,1489,1533,1528,1526,736,NA,NA,NA,NA,NA,NA,NA,NA,NA,355,420,757,927,1246,1344,1355,1337
"88","Expenditure (SA)","US Total","Statewide","$ mil",921,909,937,916,979,985,978,993,957,984,1034,1033,1037,1024,551,NA,NA,NA,NA,NA,NA,NA,410,311,335,392,729,842,1125,1185,1244,1309
"89","Expenditure (SA)","US West","Statewide","$ mil",544,545,549,561,580,587,575,603,584,600,620,618,622,608,330,NA,NA,NA,NA,NA,NA,NA,287,198,227,275,486,541,732,770,811,832
"90","Expenditure (SA)","US East","Statewide","$ mil",371,364,391,351,402,400,408,396,373,375,407,422,408,411,221,NA,NA,NA,NA,NA,NA,NA,115,116,112,114,242,284,392,418,444,496
"91","Expenditure (SA)","Japan","Statewide","$ mil",181,172,184,201,190,185,183,192,189,188,190,194,178,173,60,NA,NA,NA,NA,NA,NA,NA,NA,NA,5,2,4,6,6,7,11,8
"92","Expenditure (SA)","Canada","Statewide","$ mil",89,92,84,95,92,94,87,95,88,92,91,86,88,90,34,NA,NA,NA,NA,NA,NA,NA,NA,NA,8,1,1,2,4,6,10,25
"93","Daily census","Total","Statewide","persons",262235,246741,250528,233616,228768,277930,286419,252916,206169,215125,223746,284924,268423,248097,126739,4387,9136,15771,18310,22625,20472,39432,76203,94688,80770,90776,137440,151386,190491,255936,265392,211269
"94","Daily census","Air total","Statewide","persons",260522,244420,248930,229500,226963,277805,286419,252916,202987,212162,221171,283210,266862,245556,126064,4387,9136,15771,18310,22625,20472,39432,76203,94688,80770,90776,137440,151386,190491,255936,265392,211269
"95","Daily census","Air total, domestic","Statewide","persons",180926,170643,181908,165346,177228,222211,221852,185981,145122,159085,161095,213789,192112,182569,100561,4156,9046,15559,17573,22247,20171,38974,75572,91649,77232,89542,136323,150067,188835,253763,262361,207119
"96","Daily census","Air total, int'l","Statewide","persons",79596,73777,67022,64155,49735,55594,64566,66935,57865,53077,60076,69421,74751,62987,25504,231,89,212,736,378,301,459,632,3039,3538,1234,1117,1319,1655,2173,3031,4150
"97","Daily census","US Total","Statewide","persons",168833,160332,171073,154170,164611,212650,206916,171058,128879,142296,151405,197291,180433,170153,94917,3940,8486,14561,16081,20245,18363,36971,71987,87992,74133,87245,133287,146286,183777,247212,254478,198926
"98","Daily census","US West","Statewide","persons",99765,96870,106250,106378,104660,134664,130793,111617,86739,97885,105201,124866,108005,104408,58088,2563,5310,8908,9473,12609,10999,26327,53922,57678,47477,60249,90470,107187,121773,162440,166976,129267
"99","Daily census","US East","Statewide","persons",69068,63462,64823,47792,59951,77986,76123,59441,42141,44411,46204,72425,72428,65745,36829,1377,3176,5654,6608,7636,7364,10643,18065,30313,26656,26996,42817,39099,62004,84772,87502,69659
"100","Daily census","Japan","Statewide","persons",23334,24408,25125,23371,21507,24419,25740,33458,28343,25260,24701,26168,22711,23947,8843,22,22,75,70,257,59,109,311,614,761,430,566,706,677,1103,1645,1511
"101","Daily census","Canada","Statewide","persons",31962,29741,28604,21726,9163,7526,10226,10358,8498,12184,19897,26287,29947,27711,11527,10,20,100,106,211,378,613,1445,2866,2806,488,287,410,355,384,1008,2501
"102","Daily census","Europe","Statewide","persons",3823,3850,3286,4650,4069,3859,6937,7434,6197,5996,3811,4484,3121,3857,1768,24,19,35,67,160,102,123,272,280,286,187,231,321,377,483,580,1078
"103","Daily census","United Kingdom","Statewide","persons",998,862,842,1451,1114,1038,1580,1619,1650,1315,822,1044,917,836,489,14,11,10,31,59,28,44,88,74,90,82,106,116,169,193,245,227
"104","Daily census","France","Statewide","persons",744,635,362,630,405,602,1279,1407,674,1002,588,781,404,699,145,4,1,2,4,11,16,10,34,26,19,25,19,27,38,42,31,90
"105","Daily census","Germany","Statewide","persons",1315,1623,1446,1647,1787,1369,2218,2186,2554,2646,1630,1667,1166,1573,817,3,4,9,17,79,33,27,72,98,88,32,53,61,61,100,155,519
"106","Daily census","Italy","Statewide","persons",200,295,136,205,167,268,452,1544,436,292,229,277,180,199,57,0,1,2,7,2,1,17,29,15,31,24,6,16,20,10,30,63
"107","Daily census","Switzerland","Statewide","persons",566,435,499,717,597,582,1407,678,882,741,542,715,453,550,260,2,2,11,7,9,23,25,50,66,58,24,48,101,89,138,120,178
"108","Daily census","Oceania","Statewide","persons",9411,5909,6169,9315,10137,10244,11619,10030,13583,9395,7292,9113,7927,4940,2419,4,27,39,53,49,83,48,114,92,121,50,64,78,88,137,168,160
"109","Daily census","Australia","Statewide","persons",7961,5110,5174,7033,7926,8019,8403,7631,10973,7912,6043,7400,6491,4178,1926,1,3,20,22,20,43,35,90,53,74,39,23,34,45,45,58,51
"110","Daily census","New Zealand","Statewide","persons",1450,799,996,2283,2211,2225,3216,2399,2609,1483,1249,1713,1436,762,492,3,24,18,31,30,40,14,23,38,48,12,41,45,43,92,111,110
"111","Daily census","Other Asia","Statewide","persons",11648,10738,5391,5841,7335,6776,8239,7998,6862,6485,6326,7962,11593,6075,920,78,53,57,105,264,250,125,197,342,370,267,322,431,826,794,1013,1001
"112","Daily census","China","Statewide","persons",3191,3605,1675,1676,1845,1970,2306,2285,1656,1195,1042,1912,3568,727,148,8,22,24,34,50,49,53,93,150,44,36,56,51,218,186,143,217
"113","Daily census","Hong Kong","Statewide","persons",112,86,71,93,106,97,189,90,80,63,76,116,170,78,37,4,4,3,33,19,17,14,20,39,23,15,25,27,66,78,103,93
"114","Daily census","Korea","Statewide","persons",7570,6348,3118,3596,3744,3905,4922,5045,4480,4663,4794,5281,7014,4993,662,65,16,21,16,179,177,47,62,119,296,204,225,330,357,444,677,547
"115","Daily census","Singapore","Statewide","persons",145,129,71,95,98,133,116,89,97,86,150,232,134,52,17,0,4,4,7,5,3,8,4,22,4,8,7,7,19,44,38,38
"116","Daily census","Taiwan","Statewide","persons",629,570,456,380,1542,671,706,489,549,477,264,420,706,226,56,0,6,4,15,12,5,2,18,11,3,4,10,17,164,42,53,106
"117","Daily census","Latin America","Statewide","persons",976,641,524,952,839,533,920,718,646,675,468,1185,850,605,298,6,22,29,396,93,111,79,128,283,185,111,143,186,263,311,435,360
"118","Daily census","Argentina","Statewide","persons",307,188,134,132,161,100,123,99,135,131,77,271,251,178,51,0,1,1,14,6,10,27,28,121,98,44,51,58,61,54,77,69
"119","Daily census","Brazil","Statewide","persons",488,314,224,399,466,248,288,276,266,325,208,558,395,277,135,2,4,7,7,3,0,16,36,43,9,17,10,17,42,49,55,72
"120","Daily census","Mexico","Statewide","persons",181,139,167,421,212,185,509,343,245,219,184,355,205,150,112,3,17,22,374,85,101,36,64,119,78,50,81,110,160,208,303,220
"121","Daily census","Visitors by ship","Statewide","persons",1713,2322,1598,4116,1805,125,0,0,3182,2963,2575,1714,1561,2541,674,0,0,0,0,0,0,0,0,0,0,0,0,0,0,0,0,0
"122","Length of stay","Total","Statewide","days",10,9,8,8,8,9,9,8,8,8,8,9,10,9,9,26,28,27,25,30,33,16,12,12,15,11,10,9,9,10,9,9
"123","Length of stay","Air total","Statewide","days",10,9,8,8,8,9,9,8,8,8,8,9,10,9,9,26,28,27,25,30,33,16,12,12,15,11,10,9,9,10,9,9
"124","Length of stay","Air total, domestic","Statewide","days",11,9,9,9,9,9,9,9,9,9,9,10,10,9,9,27,29,27,25,31,35,16,12,12,14,11,10,9,9,10,9,9
"125","Length of stay","Air total, int'l","Statewide","days",9,8,8,8,7,7,8,8,7,7,7,8,9,8,8,17,13,10,23,12,10,14,21,16,27,21,19,17,19,18,18,15
"126","Length of stay","US Total","Statewide","days",10,9,8,8,9,9,9,9,9,9,9,10,10,9,9,27,28,27,25,30,34,16,12,12,14,11,10,9,9,10,9,9
"127","Length of stay","US West","Statewide","days",10,9,8,8,8,9,9,8,9,9,8,9,9,9,9,24,26,26,23,30,32,15,12,12,13,10,9,9,9,9,9,9
"128","Length of stay","US East","Statewide","days",12,10,9,9,9,10,10,9,9,9,9,10,11,10,10,32,34,30,27,31,36,17,13,13,16,12,10,10,10,10,10,10
"129","Length of stay","Japan","Statewide","days",6,6,6,6,6,6,6,6,6,6,6,6,6,6,6,33,41,54,41,24,21,21,21,11,20,17,17,15,16,18,18,16
"130","Length of stay","Canada","Statewide","days",14,13,12,11,11,12,12,11,12,12,12,13,14,12,13,33,28,51,35,64,66,49,54,22,30,28,27,23,19,18,16,13
"131","Length of stay","Europe","Statewide","days",15,13,13,12,12,13,13,12,13,12,13,14,13,13,13,16,19,21,25,51,45,25,25,20,27,17,13,14,12,14,15,22
"132","Length of stay","United Kingdom","Statewide","days",12,10,10,11,10,11,11,10,11,10,10,11,11,10,11,25,18,15,24,59,28,24,18,13,20,14,11,9,10,10,12,11
"133","Length of stay","France","Statewide","days",16,13,11,11,8,12,12,12,12,11,11,11,9,13,8,10,11,8,15,22,84,16,16,15,24,18,12,13,13,15,17,20
"134","Length of stay","Germany","Statewide","days",16,14,14,13,15,14,15,14,15,15,14,16,15,14,17,15,20,42,37,73,61,23,32,34,35,18,20,18,15,20,25,40
"135","Length of stay","Italy","Statewide","days",12,17,11,10,10,11,12,12,12,10,13,11,13,12,13,3,16,24,27,15,20,34,37,21,42,26,10,14,11,11,15,17
"136","Length of stay","Switzerland","Statewide","days",21,16,18,17,17,18,17,16,17,15,16,18,19,17,18,9,32,28,21,21,50,30,43,25,27,19,18,21,17,22,15,24
"137","Length of stay","Oceania","Statewide","days",9,10,9,9,9,9,10,10,9,9,9,10,9,9,9,16,33,29,32,38,55,26,29,22,31,26,14,16,12,15,15,12
"138","Length of stay","Australia","Statewide","days",9,10,10,9,9,9,10,10,9,9,10,10,9,9,9,14,54,29,37,44,73,33,42,26,48,42,24,22,22,26,19,14
"139","Length of stay","New Zealand","Statewide","days",9,8,8,9,9,9,10,10,9,7,9,10,9,9,9,16,31,29,29,35,43,16,14,18,20,11,11,13,9,12,13,12
"140","Length of stay","Other Asia","Statewide","days",9,8,8,7,7,7,8,9,8,7,7,8,9,8,9,64,27,26,47,59,58,23,16,14,29,20,17,16,17,14,15,15
"141","Length of stay","China","Statewide","days",9,9,8,8,7,6,8,9,8,7,7,8,9,10,10,23,37,25,51,35,54,23,15,12,14,14,13,10,10,10,10,14
"142","Length of stay","Hong Kong","Statewide","days",10,8,9,8,9,7,10,9,9,7,9,9,11,9,10,22,33,30,57,45,21,15,16,16,14,14,9,8,11,11,12,14
"143","Length of stay","Korea","Statewide","days",8,8,7,7,7,7,8,8,8,7,7,7,8,8,9,123,20,26,30,83,77,28,20,18,40,24,23,23,22,18,19,16
"144","Length of stay","Singapore","Statewide","days",8,8,7,6,7,8,9,9,10,7,12,10,10,7,5,NA,25,37,38,24,17,30,8,16,11,14,8,7,11,12,11,11
"145","Length of stay","Taiwan","Statewide","days",10,10,10,9,8,9,10,8,9,8,8,9,10,10,9,2,27,30,61,43,32,12,14,10,7,11,11,9,57,11,12,21
"146","Length of stay","Latin America","Statewide","days",12,10,10,10,10,11,10,12,10,10,11,14,11,10,10,27,54,22,114,44,51,21,16,18,20,16,12,13,12,12,11,11
"147","Length of stay","Argentina","Statewide","days",12,11,11,10,11,11,10,11,10,11,12,23,12,9,11,13,30,7,52,31,94,30,15,26,20,14,21,19,18,13,15,15
"148","Length of stay","Brazil","Statewide","days",13,12,11,10,11,13,11,14,11,11,13,15,12,10,13,45,42,37,67,23,NA,15,20,16,15,16,8,14,11,16,12,16
"149","Length of stay","Mexico","Statewide","days",9,8,9,9,8,9,10,12,9,8,9,10,9,9,8,23,60,21,121,46,49,19,15,14,22,19,10,11,11,11,10,10
"150","Length of stay","Visitors by ship","Statewide","days",4,4,4,5,5,5,NA,NA,5,4,5,5,4,5,5,NA,NA,NA,NA,NA,NA,NA,NA,NA,NA,NA,NA,NA,NA,NA,NA,NA
"151","PPPD","Total","Statewide","dollar",199,201,192,188,200,196,191,192,202,199,199,198,207,203,187,NA,NA,NA,NA,NA,NA,NA,NA,NA,159,156,180,184,194,193,192,209
"152","PPPD","Air total","Statewide","dollar",200,202,192,190,200,196,191,192,203,200,201,199,208,205,188,NA,NA,NA,NA,NA,NA,NA,NA,NA,159,156,180,184,194,193,192,209
"153","PPPD","US Total","Statewide","dollar",195,194,185,180,187,185,184,181,195,190,192,194,204,201,187,NA,NA,NA,NA,NA,NA,NA,157,130,158,156,180,184,192,193,193,210
"154","PPPD","US West","Statewide","dollar",180,184,176,171,174,171,165,167,179,178,179,180,188,189,178,NA,NA,NA,NA,NA,NA,NA,156,124,153,157,176,178,190,188,186,202
"155","PPPD","US East","Statewide","dollar",216,209,201,200,211,210,216,206,229,219,221,218,226,220,201,NA,NA,NA,NA,NA,NA,NA,159,142,167,154,188,199,198,202,206,223
"156","PPPD","Japan","Statewide","dollar",240,242,238,234,244,248,234,228,231,250,256,260,243,243,220,NA,NA,NA,NA,NA,NA,NA,NA,NA,204,200,213,214,232,222,220,202
"157","PPPD","Canada","Statewide","dollar",167,184,158,154,170,160,158,178,159,167,165,159,174,184,163,NA,NA,NA,NA,NA,NA,NA,NA,NA,172,165,121,151,185,176,177,190
"158","PPPD","Europe","Statewide","dollar",163,134,163,162,196,174,150,150,145,147,147,91,171,125,170,NA,NA,NA,NA,NA,NA,NA,NA,NA,139,114,163,169,213,191,168,182
"159","PPPD","Oceania","Statewide","dollar",265,247,274,275,252,267,268,263,251,261,273,246,275,269,243,NA,NA,NA,NA,NA,NA,NA,NA,NA,225,204,245,252,241,239,253,232
"160","PPPD","Australia","Statewide","dollar",270,249,284,272,254,275,282,271,255,270,280,246,280,268,236,NA,NA,NA,NA,NA,NA,NA,NA,NA,236,207,285,244,245,262,286,258
"161","PPPD","New Zealand","Statewide","dollar",240,234,222,286,246,239,233,239,234,215,242,247,270,272,262,NA,NA,NA,NA,NA,NA,NA,NA,NA,210,194,222,257,237,228,236,220
"162","PPPD","Other Asia","Statewide","dollar",273,297,327,294,319,296,266,266,275,304,328,308,282,276,280,NA,NA,NA,NA,NA,NA,NA,NA,NA,215,214,283,268,290,253,221,239
"163","PPPD","China","Statewide","dollar",306,352,351,310,358,331,301,296,342,348,391,314,302,308,305,NA,NA,NA,NA,NA,NA,NA,NA,NA,260,291,314,284,341,297,283,261
"164","PPPD","Korea","Statewide","dollar",256,256,312,289,320,288,257,245,273,304,323,338,277,273,302,NA,NA,NA,NA,NA,NA,NA,NA,NA,218,212,280,268,283,235,217,245
"165","PPPD","Latin America","Statewide","dollar",263,214,212,229,209,238,177,188,380,209,230,257,277,290,222,NA,NA,NA,NA,NA,NA,NA,NA,NA,224,177,190,209,200,213,167,160
"166","PPPD","Visitors by ship","Statewide","dollar",77,74,82,82,100,83,NA,NA,114,89,78,82,89,79,67,NA,NA,NA,NA,NA,NA,NA,NA,NA,NA,NA,NA,NA,NA,NA,NA,NA
